timestamp,module1_name_here,module2_name_here,module3_name_here,module4_name_here
0.05,241,0,117,12,0
0.1,504,0,229,26,0
0.15,792,0,352,41,0
0.2,1079,0,472,57,0
0.25,1416,0,616,70,0
0.3,1755,0,771,80,0
0.35,2125,0,938,90,0
0.4,2463,0,1116,105,0
0.45,2867,0,1330,131,0
0.5,3280,0,1519,143,0
0.55,3672,0,1735,167,0
0.6,4043,0,1974,182,0
0.65,4498,0,2229,198,0
0.7,4885,0,2527,222,0
0.75,5303,0,2825,240,0
0.8,5734,0,3175,253,0
0.85,6101,0,3517,271,0
0.9,6455,0,3884,294,0
0.95,6826,0,4305,315,0
1,7152,0,4715,326,0
1.05,7529,0,5379,352,0
1.1,7846,0,5853,373,0
1.15,8147,0,6433,394,0
1.2,8394,0,7029,415,0
1.25,8688,0,7736,438,0
1.3,8999,0,8543,456,0
1.35,9259,0,9408,481,0
1.4,9544,0,10426,502,0
1.45,9804,0,11554,527,0
1.5,10075,0,12636,553,0
1.55,10353,0,14025,586,0
1.6,10633,0,15481,622,0
1.65,10943,0,17492,654,0
1.7,11289,0,19731,696,0
1.75,11664,0,22664,758,0
1.8,12076,0,26846,864,0
1.85,12497,0,31982,954,0
1.9,12942,5,38621,1043,0
1.95,13339,5,47423,1135,0
2,13718,5,57530,1205,0
2.05,14097,5,71547,1287,0
2.1,14489,5,89184,1381,0
2.15,14830,5,110077,1452,0
2.2,15192,5,136067,1570,0
2.25,15533,5,166669,1695,0
2.3,15843,5,199486,1777,0
2.35,16153,5,232445,1893,0
2.4,16387,5,267867,1984,0
2.45,16634,5,303945,2114,0
2.5,16843,5,340614,2275,0
2.55,17039,5,378853,2440,0
2.6,17248,5,414955,2598,0
2.65,17461,5,449366,2806,0
2.7,17660,5,480892,3049,0
2.75,17849,5,511970,3329,0
2.8,18060,5,540643,3608,0
2.85,18252,5,566506,3907,0
2.9,18428,5,591834,4230,0
2.95,18620,12,617336,4640,0
3,18805,12,640975,5083,0
3.05,19023,12,663049,5552,0
3.1,19246,18,683949,6160,0
3.15,19541,26,705603,6836,0
3.2,19825,36,727198,7624,0
3.25,20063,48,746955,8917,0
3.3,20343,58,765338,10381,0
3.35,20617,65,785052,12851,0
3.4,20927,76,804014,18689,0
3.45,21233,89,820636,29935,0
3.5,21566,100,835582,49143,0
3.55,21945,115,849196,78216,0
3.6,22354,130,862016,120261,0
3.65,22772,154,874141,170070,0
3.7,23200,169,885508,222266,0
3.75,23628,190,896123,276940,0
3.8,24080,198,906051,329254,0
3.85,24723,223,915264,377083,0
3.9,25390,250,923738,417148,0
3.95,26186,288,931447,450084,0
4,27044,325,938764,479636,0
4.05,28021,382,945267,504905,0
4.1,29078,462,950847,528997,0
4.15,30026,557,955612,551890,0
4.2,31061,665,959766,572952,0
4.25,32336,845,963833,592258,0
4.3,33986,1063,967398,609341,0
4.35,36315,1326,970346,625591,0
4.4,38978,1712,972889,639598,0
4.45,41408,2256,975023,651884,0
4.5,44225,2899,977156,663070,0
4.55,47775,3831,979123,672923,0
4.6,51908,4995,980886,681598,0
4.65,56089,6171,982252,687877,0
4.7,61716,7424,983575,692861,0
4.75,69192,9050,984705,697206,0
4.8,81845,11038,985726,700621,0
4.85,97436,13330,986634,703615,0
4.9,115716,16036,987441,706292,0
4.95,136238,19520,988156,708771,0
5,168165,23970,988867,710952,0
5.05,203984,31266,989525,712890,0
5.1,238357,40143,990187,714795,0
5.15,272567,54994,990822,716637,0
5.2,306321,88284,991385,718242,0
5.25,340227,127043,991888,719710,0
5.3,379277,174050,992390,721111,0
5.35,419799,223724,992797,722395,0
5.4,461585,278569,993232,723598,0
5.45,501036,328532,993627,724654,0
5.5,537863,376117,994026,725730,0
5.55,572268,421670,994432,726824,0
5.6,601155,465152,994777,727838,0
5.65,626189,503604,995073,728757,0
5.7,646998,538451,995365,729554,0
5.75,665713,568729,995640,730294,0
5.8,682058,595332,995874,730954,0
5.85,696031,619008,996091,731587,0
5.9,708270,639903,996280,732225,0
5.95,719178,659774,996474,732778,0
6,728919,677906,996656,733302,0
6.05,737469,695903,996830,733847,0
6.1,744432,712427,996983,734336,0
6.15,750564,727766,997110,734810,0
6.2,755903,742278,997252,735231,0
6.25,760580,756648,997388,735658,0
6.3,764668,769918,997520,736083,0
6.35,768023,782258,997655,736506,0
6.4,771061,793681,997789,736877,0
6.45,773500,803083,997926,737232,0
6.5,775452,810894,998074,737578,0
6.55,777107,817200,998206,737932,0
6.6,778516,822598,998373,738264,0
6.65,779744,827294,998513,738600,0
6.7,780808,831230,998687,738929,0
6.75,781856,834777,998880,739298,0
6.8,782869,838186,999066,739644,0
